"""-ant""",masculine
"""-ast""",masculine
"""-ich""",masculine
"""-ig""",masculine
"""-ismus""",masculine
"""-ling""",masculine
"""-or""",masculine
"""-us""",masculine
"""-us""",feminine
"""-anz""",feminine
"""-ei""",feminine
"""-enz""",feminine
"""-heit""",feminine
"""-ie""",feminine
"""-ik""",feminine
"""-in""",feminine
"""-keit""",feminine
"""-schaft""",feminine
"""-sion""",feminine
"""-tat""",feminine
"""-tion""",feminine
"""-ung""",feminine
"""-ur""",feminine
"""-chen""",neuter
"""-lein""",neuter
"""-ma""",neuter
"""-ment""",neuter
"""-sel""",neuter
"""-tel""",neuter
"""-tum""",neuter
"""-um""",neuter
