old city,"die Altstadt, -städte"
to try out,ausprobieren
baker,"der Bäcker, -"
to answer something,beantworten
mushroom,"der Champignon, -s"
chef,"der Chef, -s"
dessert,"das Dessert, -s"
really (That is really stressful.),echt (Das ist echt stressig.)
fish dish,"das Fischgericht, -e"
fresh,frisch
guest,"der Gast, Gäste"
meal,"das Gericht, -e"
hotel manager (f),"die Hotelfachfrau, -en"
waiter,"der Kellner, -"
small,klein
cook,"der Koch, Köche"
creative (My work is very creative.),kreativ (Meine Arbeit ist sehr kreativ.)
farmer,"der Landwirt, -e"
naturally,natürlich
"nice, pleasant",nett
new,neu
normally,normalerweise
to peel,schälen
to cut,schneiden
stressful,stressig
team,"das Team, -s"
Have fun!,Viel Spaß!
to wash,waschen (er wäscht)
to prepare,zubereiten
back (Back to the kitchen!),zurück (Zurück in die Küche!)
onion,"die Zwiebel, -n"
mind map,"die Mindmap, -s"
to look at,ansehen (er sieht an)
index card,"die Karteikarte, -n"
