cookout,"die Grillparty, -s"
See you later!,Bis später!
invitation,"die Einladung, -en"
ready (The food is ready.),fertig (Das Essen ist fertig.)
"in a second, soon (The food is nearly ready.)",gleich (Das Essen ist gleich fertig.)
to grill,grillen
to bring with (I am bringing sausages with me.),mitbringen (Ich bringe Würstchen mit.)
tomorrow (I have no time tomorrow.),morgen (Ich habe morgen keine Zeit.)
already,schon
"text, SMS","die SMS, -"
at our place,bei uns
maybe,vielleicht
to wait,warten
to need,brauchen
So I am going shopping now.,denn (Was brauchen wir denn für die Pizza?)
grocery list,"der Einkaufszettel, -"
vinegar,der Essig (Singular)
"beverage, drink","das Geträ(nk, -e"
carrot,"die Kar,tte, -n"
not anymore (We do not have cheese anymore.),nicht mehr (Wir haben keinen Käse mehr.)
moment,"der Moment, -e"
to take (I!ll also take a kilo of apples.),nehmen (er nimmt) (Ich nehme auch ein Kilo Äpfel.)
still (What do we still need?),noch (Was brauchen wir noch?)
oil,"das Öl, -e"
olive,"die Olive, -n"
to plan,planen
great (sl.),prima
cheap,billig
expensive,teuer
