to shop (for necessities),einkaufen
"please (Right here, please.)","bitte (Hier, bitte.)"
cent,"der Cent, -"
over there,dort
to be (one's) turn (Whose turn is it now?),drankommen (Wer kommt jetzt dran?)
shopping cart,"der Einkaufswagen, -"
Emmentaler cheese,der Emmentaler (Singular)
something,etwas
gram,"das Gramm, -"
receipt,"der Kassenzettel, -"
to cost,kosten
would like (I would like a piece of cheese.),möchte (Ich möchte ein Stück Käse.)
otherwise (Anything else?),sonst (Sonst noch etwas?)
bag,"die Tüte, -n"
to switch,wechseln
how much?,wie viel?
lemonade,"die Limonade, -n"
Bon appetit!,Guten Appetit!
cup,"der Becher, -"
bottle,"die Flasche, -n"
kilogram,"das Kilogramm, -"
liter,"der Liter, -"
packaging,"die Packung, -en"
"all around, concerning (everything concerning food)",rund (rund ums Essen)
