to tell (a story),erzählen
to eat,essen (er isst)
kiwi,"die Kiwi, -s"
evening,"der Abend, -e"
evenings,abends
Asian,asiatisch
pear,"die Birne, -n"
Turkish pita sandwich,"der Döner, -"
meal (The meal is tasty.),"das Essen, - (Das Essen ist lecker.)"
family,"die Familie, -n"
to find (I find Asian food awesome!),finden (Ich finde asiatisches Essen toll!)
to eat breakfast,frühstücken
healthy,gesund
always,immer
sometimes,m'nchmal
"noon, noon hour","der Mittag, -e"
every day at noon,mittags
"mornings, every morning (Anna eats muesli every morning.)",morgens (Anna isst morgens Müsli.)
"nothing, not anything (I don!t eat anything at noon.)",nichts (Ich esse mittags nichts.)
noodle,"die Nudel, -n"
fruit,das Obst (Singular)
without,ohne
pizza,"die Pizza, -s/Pizzen"
rice,der Reis (Singular)
to sleep,schlafen (er schläf )
to taste (good),schmecken (Das schmeckt lecker!)
piece,"das Stück, -e"
sushi,"das Sushi, -"
"great, awesome",toll
to drink,trinken
"before noon, morning (In the morning, I eat fruit.)","der Vormittag, -e (Am Vormittag esse ich Obst.)"
warm,warm
"a little, not much",wenig
important,wichtig
time,"die Zeit, -en (meist Singular)"
together,zusammen
poster,"das Poster, -"
