apple juice,"der Apfelsaft, -säfte"
in (in German),auf (auf Deutsch)
banana,"die Banane, -n"
bread roll,"das Brötchen, -"
butter,die Butter (Singular)
cola,"die/das Cola, -/-s"
egg,"das Ei, -er"
meat,das Fleisch (Singular)
vegetables,das Gemüse (Singular)
yogurt,"der/das Joghurt, -s"
potato,"die Kartoffel, -n"
cheese,der Käse (Singular)
groceries,"das Lebensmittel, - (meist Plural)"
"jam, marmelade","die Marmelade, -n"
milk,die Milch (Singular)
lunch,"das Mittagessen, - (meist Singular)"
muesli,"das Müsli, -"
orange juice,"der Orangensaft, -säfte"
"salad, lettuce","der Salat, -e"
salt,"das Salz, -e (meist Singular)"
tea,"der Tee, -s"
water,"das Wasser, -"
dinner,"das Abendessen, -"
bread,"das Brot, -e"
Finnish (Kari speaks Finnish.),Finnisch (Kari spricht Finnisch.)
"cucumber, pickle","die Gurke, -n"
coffee (Do you drink coffee?),der Kaffee / (in Österreich) Kaffee (Trinkst du Kaffee?)
cookie,"der Keks, -e"
cake,"der Kuchen, -"
mother tongue,"die Muttersprache, -n"
juice,"der Saft, Säfte"
cream,die Sahne (Singular)
ham,"der Schinken, -"
chocolate,"die Schokolade, -n"
soup,"die Suppe, -n"
tomato,"die Tomate, -n"
sausage,"die Wurst, Würste"
sugar,der Zucker (Singular)
chicken,"das Hähnchen, -"
french fries,die Pommes frites (Plural)
beer,"das Bier, -e"
glass,"das Glas, Gläser"
cup,"die Tasse,-n"
bakery,"die Bäckerei, -en"
conversation,"das Gespräch, -e"
butcher,"die Metzgerei, -en"
supermarket,"der Supermarkt, -märkte"
apple,"der Apfel, Äpfel"
orange,"die Orange, -n"
at (at the market),auf (Ich kaufe auf dem Markt.)
