wrong,falsch
hotel,"das Hotel, -s"
to name,nennen
correct,richtig
"path, way","der Weg, -e"
"to (To the Hotel Michel, please.)","zu, zum, zur (Zum Hotel Michel, bitte.)"
I see.,Ach so.
so (sl.) (So this is the train station.),also (Das ist also der Bahnhof.)
there (There is the hotel.),da (Da ist das Hotel.)
a,"ein, eine"
Good day!,Grüß Gott!
interesting,interessant
no (There is no hotel here.),"kein, keine (Hier gibt es kein Hotel.)"
"to control, to check, to monitor",kontrollieren
art gallery,"die Kunsthalle, -n"
Good Morning!,Moin!
okay,okay
to say,sagen
nice (The hotel is very nice.),schön (Das Hotel ist sehr schön.)
lake,"der See, -n"
street,"die Straße, -n"
"in front, over there (Over there is the hotel.)",vorne (Da vorne ist das Hotel.)
"to stand up, to get up",aufstehen
to educate,bilden
group,"die Gruppe, -n"
chapter,"das Kapitel, -"
taxi,"das Taxi, -s"
sentence,"der Satz, Sätze"
short,kurz
