event,"das Event, -s"
from (20 Euro and up),ab (ab 20 Euro)
all,"alle, alles"
different,anders
stage,"die Bühne, -n"
cocktail dress,"das Cocktailkleid, -er"
dress code,"der Dresscode, -s"
ensemble,"das Ensemble, -s"
opening,"die Eröffnung, -en"
Euro,"der Euro, -"
film festival,"das Filmfest, -e"
"major city, metropolis","die Großstadt, -städte"
jeans,"die Jeans, -"
here: classical music,die Klassik (Singular)
classical,klassisch
to combine,kombinieren
life,"das Leben, - (meist Singular)"
modern,modern
motto,"das M,tto, -s"
orchestra,"das Orchester, -"
rock (music) (I like to listen to jazz and rock.),der Rock (Ich höre gern Jazz und Rock.)
symphony,"die Sinfonie, -n"
star,"der Star, -s"
symphony orchestra,die Symphoniker (Plural)
theater festival,"das Theater-Festival, -s"
ticket,"das Ticket, -s"
about (film about life in the big cities.),über (Ein Film über das Leben in großen Städten.)
o'clock,Uhr (19 Uhr)
similar,ähnlich
