airline,"die Airline, -s"
than (More than 10 people.),"als (Mehr als 10 Menschen.)
"
old (She is 25 years old.),alt (Sie ist 25 Jahre alt.)
train station,"der Bahnhof, -höfe"
to visit,besuchen
visitor,"der Besucher, -"
"up to, all the way to (It is 100 meters all the way to the house.)",bis zum (Bis zum Haus sind es 100 Meter.)
wide,breit
"circa, approximately, about",circa
it (I don't understand it.),es (Ich verstehe es nicht.)
almost,fast
fish,"der Fisch, -e"
airport,"der Flughafen, -häfen"
river,"der Fluss, Flüsse"
"whole, entire (125 destinations in the entire word.)",ganz (125 Ziele auf der ganzen Welt)
here: store (There are more than 60 stores.),"das Geschäft, -e (Es gibt mehr als 60 Geschäfte.)"
"large, big (Berlin is very large.)",groß (Berlin ist sehr groß.)
"port, harbor","der Hafen, Häfen"
high (The cathedral is 120 meters high.),hoch (Der Dom ist 120 Meter hoch.)
height,"die Höhe, -n"
in (in 8 hours),in (in 8 Stunden)
"every (Every year, we drive to Spain.)","jede, jedes (Jedes Jahr fahren wir nach Spanien.)"
to buy,kaufen
church,"die Kirche, -n"
kilometer,km (Kilometer)
here: to be located in (Hamburg is located in Germany.),liegen (Hamburg liegt in Deutschland.)
"one (Here, one can buy everything.)",man (Hier kann man alles kaufen.)
market,"der Markt, Märkte"
sea,"das Meer, -e"
"more (More than 100,000 people live here.)",mehr (Hier leben mehr als 100000 Menschen.)
meter (The house is 10 meters high.),"der Meter, - (Das Haus ist 10 Meter hoch.)"
middle (in the middle),die Mitte (Singular) (in der Mitte)
"after (After 453 steps, there is a platform.)",nach (Nach 453 Stufen ist eine Plattform.)
to number,nummerieren
"only (Today, we only have fish.)",nur (Es gibt heute nur Fisch.)
platform,"die Plattform, -en"
"town hall, city hall","das Rathaus, -häuser"
ship,"das Schiff, -e"
to see,sehen (er sieht)
step,"die Stufe, -n"
symbol,"das Symbol, -e"
terminal,"der Terminal, -s"
tower,"der Turm, Türme"
over (The town hall is over 110 years old.),über (Das Rathaus ist über 110 Jahre alt.)
world,"die Welt, -en (meist Singular)"
goal,"das Ziel, -e"
train,"der Zug, Züge"
fish market,"der Fischmarkt, -märkte"
yearly,jährlich
"since, for (We!ve known each other for 20 years.)",seit (Wir kennen uns seit 20 Jahren.)
long (The ship is 30 meters long.),lang (Das Schiff ist 30 Meter lang.)
passenger,"der Passagier, -e"
