picture story,"die Bildgeschichte, -n"
chalkboard,"die Tafel, -n"
"so, OK (sl.) (OK, quickly to the subway.)","also (Also, schnell zur U-Bahn.)"
bus,"der Bus, Busse"
transit ticket,"die Fahrkarte, -n"
bicycle,"das Fahrrad, -räder"
straight ahead (always straight ahead),geradeaus (immer geradeaus)
luck,das Glück (Singular)
today,heute
help,"die Hilfe, -n (Hilfe!)"
now,jetzt
left,links
right,rechts
quick(ly),schnell
test,"der Test, -s"
subway (Bus or subway?),"die U-Bahn, -en (Bus oder U-Bahn?)"
on foot,zu Fuß
airplane,"das Flugzeug, -e"
"regional train, commuter train","die S-Bahn, -en"
"trolley, streetcar, tram","die Straßenbahn, -en"
"simple, simply",einfach
question,"die Frage, -n"
very (That!s very easy.),ganz (Das ist ganz einfach.)
man,"der Mann, Männer"
Thank you very much!,Vielen Dank!
example,"das Beispiel, -e"
"then (First right, then left.)","dann (Erst rechts, dann links.)"
"first (the first time, the second time)","erste (das erste Mal, das zweite Mal)"
park,"der Park, -s"
starting line,der Start (Singular)
to roll (dice),würfeln
