"der/das Cartoon, -s",cartoon
"die Apfelsaftschorle, -n",apple soda
bestellen,to order
"die Bestellung, -en",order
die Pommes (Plural),fries
"das Schnitzel, -",thin breaded pork chop
Bitte schön! (Danke. -Bitte schön!),You're welcome! (Thank you. -You're welcome!)
bringen,to bring
Danke schön.,Thank you.
das Eis (Singular),"ice, ice cream"
geben (Trinkgeld geben),to give (to give a tip)
"die Speisekarte, -n (Bitte bringen Sie mir die Speisekarte.)",menu (Please bring me the menu.)
"die Tomatensuppe, -n",tomato soup
"das Trinkgeld, -er (meist Singular)",tip
"die Gabel, -n",fork
"der Löffel, -",spoon
"das Messer, -",knife
"die Serviette, -n",napkin
"der Teller, - (Der Teller ist kaputt.)",plate (The plate is broken.)
bezahlen,to pay up
getrennt,separate
"die Kellnerin, -nen",waitress
stimmen (Stimmt so!),to be right (Keep the change.)
zahlen (Können wir bitte zahlen?),to pay (Could we please pay?)
"die Rechnung, -en","check, bill"
genug,enough
klasse,"great, terrific"
langweilig,boring
das Wetter (Singular) (Wie ist das Wetter heute in München?),weather (How is the weather today in Munich?)
"letzte, letzter","last, final"
