"die Bank, Bänke (Man sitzt an langen Tischen und Bänken.)","bench, bank (One sits on long tables and benches.)"
"das Beisl, -n",pub
"die Beiz, -en","pub, tavern"
bekommen,to receive
"die Besenwirtschaft, -en (in der Schweiz)",a (small) tavern selling home-grown wine that is only open during certain times of the year)
"der Biergarten, -gärten",beer garden
"die Buschenschank, -en (in Österreich)",a (small) tavern selling home-grown wine that is only open during certain times of the year)
draußen,outside
"eigene, eigenes",own
"der Flammkuchen, -","flatbread served with cheese, onions, and lardons"
geöffnet,opened
"der Grill, -s",grill
"das Kaffeehaus, -häuser (Wir treffen uns im Kaffeehaus.)",coffee shop (We will meet at the co$ ee shop.)
"der Klassiker, -",classic (n)
maximal,"maximally, absolutely"
meistens,mostly
"die Nacht, Nächte",night
"die Palme, -n",palm tree
der Sand (Singular),sand
selbst (Man kann das Essen selbst mitbringen.),oneself (You can bring the food yourself.)
die Selbstbedienung (Singular),self-serve
sitzen,to sit
"die Sonne, -n (meist Singular)",sun
"der Spielplatz, -plätze",playground
stehen (Die Leute müssen stehen.),to stand (The people must stand.)
"die Strandbar, -s",beach bar
"die Straußwirtschaft, -en",(a (small) tavern selling home-grown wine that is only open during certain times of the year)
"der Tisch, -e",table
typisch,typical
überall,everywhere
voll,"full, totally"
"der Wein, -e",wine
"das Weingebiet, -e",wine-producing area
zum Beispiel,for example
"der Zwiebelkuchen, -",onion-bacon pie popular in Rhein-Hesse
"die Kleingruppe, -n",small group
"das Lokal, -e","small, local restaurant"
"das Heimatland, -länder",homeland
