die Freizeit (Singular),free time
glauben,to believe
das Iternet (Singular),internet
klettern,to climb
"das Snowboard, -s",snowboard
surfen (Ich surfe im Internet.),to surf (I surf the internet.)
wandern,"to hike, to wander"
kalt,cold
der Schnee (Singular),snow
zuerst,at first
die Pantomime (Singular),pantomime
"die Überraschung, -en",surprise
"an, am (am 16. August)",on (on August 16)
bei (Bei Regen gehen wir ins Kino.),"here: upon (If it rains, we!ll go to the movies.)"
Echt? (Sofi a wird 30.  Echt?),Really? (Sofia is turning 30. Really?)
feiern,to celebrate
"das Picknick, -s",picnic
der Regen (Singular),rain
schenken,to give (as a gift)
werden (Sie hat Geburtstag und wird 30.),to become (It is her birthday and she is going to be 30.)
wohin?,to where?
"der Chat, -s",chat
"das Datum, Daten",date (of the year)
"der Familienname, -n","family name, last name"
abholen (Wir holen dich zu Hause ab.),to pick up (We will pick you up at home.)
anfangen (er fängt an),to start (He is starting.)
anrufen,to call
"der Ausflug, Ausflüge","trip, excursion"
"besondere, besonderes",special
danach,"after, thereafter"
einladen (er lädt ein),to invite
einsammeln,to gather in
euch,you (pl. dat.)
"das Geschenk, -e","present, gift"
herzlich,warmly
hoffentlich,hopeful(ly)
informieren,to inform
"die Mail, -s",mail
mitkommen,to come with
"der -rt, -e","place, area"
"der Treffpunkt, -e",meeting point
"der Überraschungstag, -e",surprise day
verraten (er verrät),"to reveal, to betray"
vorher,before
das Geld (Singular),money
aufhören,to stop (doing something)
"das Fest, -e",festival
"das Kursfest, -e",class party
