suit,"der Anzug, Anzüge"
apple cake,der Apfelstrudel
highway,"die Autobahn, -en"
Bulgarian (Do you speak Bulgarian?),Bulgarisch (Sprichst du Bulgarisch?)
sandwich,"das Butterbrot, -e"
the,das (das Frühstück)
the,der
the,die
French (Do you speak French?),Französisch (Kannst du Französisch?)
breakfast,"das Frühstück, -e (meist Singular)"
international,international
Italian (He speaks Italian.),Italienisch (Er spricht Italienisch.)
Japanese (How do you say that in Japanese?),Japanisch (Wie heisst das auf Japanisch?)
sick person,"der/die Kranke, -n"
backpack,"der Rucksack, -säcke"
Russian (Do you speak Russian?),Russisch (Sprichst du Russisch?)
Turkish (I speak Turkish.),Türkisch (Ich spreche Türkisch.)
Hungarian (She speaks Hungarian.),Ungarisch (Sie spricht Ungarisch.)
waltz,der Walzer
sausage,das Würstchen/Würstel
to assign,zuordnen
other,ndere
to know (s.o.),kennen
to collect,sammeln
