See you soon!,Bis bald!
"Thank you. (How!s it going? Fine, thanks.)","danke (Wie geht's? Danke, gut.)"
you (dat.),dir
you,du
apology,"die Entschuldigung, -en"
it (It is not bad.),es (Es ist nicht schlecht.)
to go (How!s it going? OK.),gehen (Wie geht es Ihnen? Es geht.)
good,gut
Hello!,Hallo!
to be named,heissen
to hear,hören
I,ich
person,"die Person, -en"
very,sehr
Bye!,Tschüss!
and,und
who?,wer?
how,wie
How+s it going?,Wie geht's?
also,auch
to be (I am Gregor.),sein (Ich bin Gregor.)
