Arabic (Do you speak Arabic?),Arabisch (Sprichst du Arabisch?)
China,China
Chinese (Ms. Wong speaks Chinese.),Chinesisch (Frau Wong spricht Chinesisch.)
to learn,lernen
Austria,Österreich
"table, chart","die Tabelle, -n"
USA,die USA (Plural)
France,Frankreich
Great Britain,Grossbritannien
Italy,Italien
Japan,Japan
"land, country","das Land, Länder"
Poland,Polen
Polish (Can you speak Polish?),Polnisch (Kannst du Polnisch?)
Russia,Russland
Switzerland,die Schweiz
Spain,Spanien
language (I speak many languages.),"die Sprache, -n (Ich spreche viele Sprachen.)"
Turkey,die Türkei
Sweden,Schweden
Ukraine,die Ukraine
Portugal,Portugal
Greece,Griechenland
Greek,Griechisch
Ireland,Irland
Canada,Kanada
Maori,Maori
Mexico,Mexiko
New Zealand,Neuseeland
Portugese,Portugiesisch
Swedish,Schwedisch
Syria,Syrien
Thai,Thai
Thailand,Thailand
