answer,"die Antwort, -en"
here: from (He is from Italy.),aus (Er kommt aus Italien.)
German (Do you speak German?),Deutsch (Sprichst du Deutsch?)
Germany,Deutschland
English (I speak English.),Englisch (Ich spreche Englisch.)
in (He lives in Frankfurt.),in (Er lebt in Frankfurt.)
to come from (Where do you come from?),kommen (Woher kommst du?)
travel guide,der Reiseführer
Spanish (We speak Spanish.),Spanisch (Wir sprechen Spanisch.)
to speak,sprechen (er spricht)
telephone,"das Telefon, -e"
which?,"welche?, welches?"
where?,wo?
from where?,woher?
to live (I live in Spain.),wohnen (Ich wohne in Spanien.)
she (This is Anna. She lives in Berlin.),sie (Das ist Anna. Sie wohnt in Berlin.)
he,er
to complete,ergänzen
house number,"die Hausnummer, -n"
zip code,"die Postleitzahl, -en"
website,"die Webseite, -n"
interview,"das Interview, -s"
"to note, to jot down",notieren
partner (m),der Partner
partner (f),"die Partnerin, -nen"
to guess,"raten, rät"
to introduce (Introduce your partner.),vorstellen (Stellen Sie Ihren Partner vor.)
