letter (of the alphabet),"der Buchstabe, -n"
loud(ly) (He speaks loudly.),laut (Er spricht laut.)
number,"die Zahl, -en"
to ask,fragen
cell phone number,"die Handynummer, -n"
"your (formal), her (What is your cell phone","Ihr, Ihre (Wie ist Ihre Handynummer?)"
phone number,"die Telefonnummer, -n"
alphabet,das Alphabet (Singular)
"first (First listen, then speak.)","erst (Hören Sie erst, sprechen Sie dann.)"
to write,schreiben
please (Please speak slowly.),bitte (Sprechen Sie bitte langsam.)
to spell,buchstabieren
your (What is your name?),"dein, deine (Wie ist dein Name?)"
a little,ein bisschen
e-mail address,"die E-Mail-Adresse, -n"
to be able to (Can you please spell that?),können (Kannst du das bitte buchstabieren?)
slow(ly),langsam
not (I do not understand that.),nicht (Ich verstehe das nicht.)
once more,noch einmal
to vary,variieren
to understand,verstehen
Come again?,Wie bitte?
