to chat,chatten
to photograph,fotografieren
to go (I am going to the movie theater.),gehen (Ich gehe ins Kino.)
to jog,joggen
movie theater,"das Kino, -s"
to cook,kochen
people,die Leute (Plural)
music,die Musik (Singular)
to travel,reisen
to swim,schwimmen
to sing,singen
to dance,tanzen
what?,was?
to mark,ankreuzen
to answer,antworten
like to (Do you like to listen to music?),gern (gerne) (Hörst du gern Musik?)
"yes (Yes, I like it a lot.)","ja (Ja, sehr gern.)"
"no (No, I don!t like to dance.)","nein (Nein, ich tanze nicht gern.)"
