Bavaria,Bayern
German (person) (Anna is German.),"der/die Deutsche, -n (Anna ist Deutsche.)"
Tuesday,"der Dienstag, -e"
Thursday,"der Donnerstag, -e"
Friday,"der Freitag, -e"
"female friend, girlfriend","die Freundin, -nen"
"to go, to work (Wednesday unfortunately won't work.)",gehen (Am Mittwoch geht es leider nicht.)
unfortunately,leider
Wednesday,der Mittwoch
Monday,"der Montag, -e"
no (coll.),na (= nein)
no (coll.),nee (= nein)
no (coll.),nö (= nein)
Saturday,"der Samstag, -e"
Sunday,"der Sonntag, -e"
when?,wann?
assignment,"die Aufgabe, -n"
café,"das Café, -s"
soccer stadium,"das Fußballstadion, -stadien"
calendar,der Kalender
with,mit
museum,"das Museum, Museen"
restaurant,"das Restaurant, -s"
swimming pool,"das Schwimmbad, -bäder"
theater,das Theater
"to do, to make (What are we doing on Monday?)",machen (Was machen wir am Montag?)
to repeat (He repeats the sentence.),nachsprechen (Er spricht den Satz nach.)
melody,"die Melodie, -n"
