April,der April
December,der Dezember
February,der Februar
spring,"der Frühling, -e (meist Singular)"
fall,"der Herbst, -e (meist Singular)"
January,der Jänner (in Österreich)
January,der Januar
July,der Juli
June,der Juni
May,der Mai
March,der März
month,"der Monat, -e"
November,der November
October,der Oktober
September,der September
summer,"der Sommer, - (meist Singular)"
winter,"der Winter, - (meist Singular)"
season,"die Jahreszeit, -en"
"to draw, to paint",malen
"poster, placard","das Plakat, -e"
dictionary,"das Wörterbuch, -bücher"
