but,aber
at,"an, am (an der Uni)"
to work,arbeiten
architecture,die Architektur (Singular)
physician (m),"der Arzt, Ärzte"
physician (f),"die Ärztin,-nen"
car,"das Auto, -s"
at (I am an engineer at BMW.),bei (Ich bin Techniker bei BMW.)
picture,"das Bild, -er"
to (from Monday to Friday),bis (von Montag bis Freitag)
to drive,fahren (er fährt)
"to have free, to have off (She has Mondays off)",freihaben (Sie hat montags frei.)
for,für
here: to be (There are 670 students.),geben (Es gibt 670 Studenten.)
to have (We have enough space.),haben (er hat) (Wir haben genug Platz.)
here,hier
year,"das Jahr, -e"
kilometer,"der Kilometer, -"
clinic,"die Klinik, -en"
person,"der Mensch, -en"
at night,nachts
often (I often en work on Saturdays.),oft (Ich arbeite oft am Samstag.)
patient,"der Patient, -en"
space (We have space for 100 people.),der Platz (Wir haben Platz für 100 Leute.)
per (per year),pro (pro Jahr)
to produce,produzieren
student (m),"der Student, -en"
to study,studieren
hour (I work eight hours a day.),"die Stunde, -n (Ich arbeite acht Stunden am Tag.)"
day,"der Tag, -e"
taxi driver,"der Taxifahrer, -"
technician,"der Techniker, -"
text,"der Text, -e"
university,"die Uni, -s"
a lot (I read a lot.),viel (Ich lese viel.)
week,"die Woche, -n"
to match (The purse matches the dress.),passen (Die Tasche passt zum Kleid.)
to underline,unterstreichen
word,"das Wort, Wörter"
workplace,"der Arbeitsplatz, -plätze"
working hours,"die Arbeitszeit, -en"
occupation,"der Beruf, -e"
by profession,von Beruf
to mark,markieren
