book,"das Buch, Bücher"
photo album,"das Fotoalbum, -alben"
soccer ball,"der Fußball, Fußbälle"
hobby,"das Hobby, -s"
you (pl.),ihr
information,"die Information, -en"
to read,lesen (er liest)
to love (I love books.),lieben (Ich liebe Bücher.)
city,"die Stadt, Städte"
"super, awesome",super
here: of (The hobby of Ben's is jogging.),von (Das Hobby von Ben ist Joggen.)
we,wir
August,der August
photo,"das Foto, -s"
funny,lustig
"to mean, to think (What do you think?)",meinen (Was meint ihr?)
here: to (I am traveling to Paris.),nach (Ich reise nach Paris.)
or,oder
here: this (Do you also like traveling this much?),so (Reist du auch so gern?)
spaghetti,die Spaghetti (Plural)
to play,spielen
weekend,"das Wochenende, -n"
popular,beliebt
course,"der Kurs, -e"
