welcome,willkommen
address (I am writing down your address.),"die Adresse, -n (Ich notiere deine Adresse.)"
date of birth,"das Geburtsdatum, -daten"
birth place,"der Geburtsort, -e"
first name,"der Vorname, -n"
work,"die Arbeit, -en"
form,"das Formular, -e"
interest,"das Interesse, -n"
web page,"die Internetseite, -n"
favorite film,"der Lieblingsfilm, -e"
favorite music,die Lieblingsmusik (Singular)
"male, masculine",männlich
last name,"der Nachname, -n"
"report, news","die Nachricht, -en"
online,online
profile,"das Profil, -e"
school,"die Schule, -n"
"female, feminine",weiblich
hometown,"der Wohnort, -e"
to hang up,aufhängen
