architect,"der Architekt, -en"
boxer,"der Boxer, -"
engineer,"der Ingenieur, -e"
journalist (f),"die Journalstin, -nen"
professor (f),"die Professorin, -nen"
DJ,"der DJ, -s"
photographer (f),"die Fotografin, -nen"
"company, firm","die Firma, Firmen"
note,"die Notiz, -en"
student (f),"die Studentin, -nen"
to report,berichten
friend,"der Freund, -e"
colleague,"der Kollege, -n"
"caretaker, janitor","der Hausmeister, -"
attorney (f),"die Juristin, -nen"
teacher (f),"die Lehrerin, -nen"
programmer,"der Programmierer, -"
electrician,"der Elektriker, -"
