ab (ab 15 Uhr),"after, starting at"
die Eltern (Plural),parents
"der Friseur, -e",hairdresser
"der Geburtstag, -e",birthday
"das Kind, -er",child
"der Mathe-Test, -s",math test
"die Musikstunde, -n",music class
"das Spiel, -e",game
"das Training, -s","practice, training"
"die Trompete, -n",trumpet
von (von 9 bis 13 Uhr),from (From 9 o!clock to 1 o!clock.)
wie lange?,how long?
krank,sick
"die Musikschule, -n","music school, conservatory"
"die Mutter, Mütter",mother
"der Sohn, Söhne",son
"die Tochter, Töchter",daughter
"der Vater, Väter",father
beschreiben,to describe
"der Computerfreak, -s",techie
"das Baby, -s",baby
"der Bruder, Brüder",brother
"die Ehefrau, -en",wife
"der Ehemann, -männer",husband
"der Ehepartner, -",spouse
die Geschwister (Plural),siblings
die Großeltern (Plural),grandparents
"die Großmutter, -mütter",grandmother
"der Großvater, -väter",grandfather
"der Junge, -n",boy
ledig,"single, unmarried"
"das Mädchen, -",girl
"die Oma, -s",grandma
"der Opa, -s",grandpa
verheiratet,married
"der/die Verwandte, -n",relative
