duschen,to shower
"die Kantine, -n",cafeteria
nach Hause,(toward) home
normal,normal(ly)
"der Morgen, - (Ben joggt am Morgen.)",morning (Ben jogs in the morning.)
"der Computer, -",computer
lang (= lange) (Sie schläft lang.),long (She sleeps a long time.)
spazieren gehen,to go for a walk
trffen (er trifft) (Anna möchte heute Freunde treffen.),to meet (Anna would like to meet up with friends today.)
"die Zeitung, -en",newspaper
"der Arbeitstag, -e",workday
"der Nachmittag, -e",afternoon
"die Uhrzeit, -en",time of day
vor (Es ist zwanzig vor acht.),"before, of (It's twenty of eight.)"
halb (Es ist halb sieben.),"here: half past, thirty (It's half 'til seven. It's half past six.)"
nach (Es ist 10 nach 5.),after (It's 10 after 5.)
Wie spät...? (Wie spät ist es?),What time...?
Viertel nach (Es ist Viertel nach fünf.),quarter past (It's a quarter past five.)
Viertel vor (Es ist Viertel vor vier.),"quarter to, of (It's a quarter of four.)"
offiziell,official
"das Büro, -s",office
um (Um Viertel nach sieben.),at (At a quarter past seven.)
"der Termin, -e (Ich habe einen Termin beim Arzt.)",appointment (I have an appointment at the doctor's.)
